HN,Twitter ID
すーみん,miqa3983
ホリィ,hory313tamamo
来夢,lime822
Neぎ,Negi_3633
とと,toritoeto
なとり,pksn3
魅又 月也,mimatatukiya
すっちゃん,suzu565639
骨折(brokenbone),ycrmwmw
てるゆ,terukorone
ふぇーりす,_Felis_Feliz_
工藤ぽんず,_kudo_ponzu89
nova-y,ta_nova_illu
こういち,jikan_zuidou
noncom,noncomcom
木三,kmcatlen
緑青ゆう。,ryokusyou_yu
絵音庭,enoniwa
オヤスミマン,oysman_39
南ぴぐ,pigu2n
しろは,Shiroha_WL
コーじん,K_JN01
冬月がと,_fuyutsuki
あず,azukagamine1
あーすけ,ahsuke2828
ケイト,keito800
YOZI,yozi__01
かしゅー,macha_3939
あまここ,amagocochi02
亜龍,aryuma772
春宮,12pxplove
えま,Ema3902
はつねでんしゃ,JRmikulain
zuu,zuu100lev
流星一条,DIVA_hiyo
haneoka,haneokaa
未来/mirai**,future_3901
saltiraptor,saltiraptor
しろキツネ,Silokitune
某写真店の息子,bousya_04
愛理☆天魚,AiriTengyo
猫山のえる,noeruneko0305
凛楓ちゃん,rinka_vcld
岡山キット,nekomanma1_3315
ロラン,nowe1600
キノ,ueharakino
Pekø.,Peko_mmm8
じゃむ,jam3939_shaker
Yuji N,GHA10531
cheren,ren9646
しょうが,syo_u_ron
ふづき,hudu_swim
咲桜 柚那,yuna_YJK
kittycouch,kittycouch
なじょ,nazyorin
きむにぃ、,Kimnii21
寝どろ,dmkuww
しのあ,no_a1028
ShiLo,ksnm_2525
Lavie,tenneluna
えこ,ttiqa817
あんずあめ,anzunobu0721
Bwhat,Bwhat8
がつ,D_s3q
saki,xxxxxsaki
Bib,BibBoss39
